{"name":"Greeting","identifier":"WRZ9TTQMYY","description":"Intent inicial para saudações","parentIntentSignature":null,"sampleUtterances":[{"utterance":"Olá"},{"utterance":"Bom dia"},{"utterance":"Boa tarde"},{"utterance":"Boa noite"},{"utterance":"Eae"},{"utterance":"Oi"}],"intentConfirmationSetting":null,"intentClosingSetting":null,"initialResponseSetting":{"conditional":null,"codeHook":{"isActive":false,"enableCodeHookInvocation":true,"invocationLabel":null,"postCodeHookSpecification":{"failureResponse":null,"failureNextStep":{"intent":{"name":null,"slots":null},"sessionAttributes":null,"dialogAction":{"type":"EndConversation","slotToElicit":null,"suppressNextMessage":null}},"failureConditional":null,"successResponse":null,"successNextStep":{"intent":{"name":null,"slots":null},"sessionAttributes":null,"dialogAction":{"type":"EndConversation","slotToElicit":null,"suppressNextMessage":null}},"successConditional":null,"timeoutResponse":null,"timeoutNextStep":{"intent":{"name":null,"slots":null},"sessionAttributes":null,"dialogAction":{"type":"EndConversation","slotToElicit":null,"suppressNextMessage":null}},"timeoutConditional":null}},"nextStep":{"intent":{"name":null,"slots":null},"sessionAttributes":null,"dialogAction":{"type":"EndConversation","slotToElicit":null,"suppressNextMessage":null}},"initialResponse":{"messageGroupsList":[{"message":{"ssmlMessage":null,"customPayload":null,"plainTextMessage":{"value":"Olá! Como posso ajudar você hoje? 😁"},"imageResponseCard":null},"variations":[{"ssmlMessage":null,"customPayload":null,"plainTextMessage":{"value":"Oi! Bem-vindo(a)! O que posso fazer por você? 😁"},"imageResponseCard":null},{"ssmlMessage":null,"customPayload":null,"plainTextMessage":{"value":"Oi! Estou aqui para ajudar você a planejar sua próxima aventura. O que gostaria de fazer? 😁"},"imageResponseCard":null}]},{"message":{"ssmlMessage":null,"customPayload":null,"plainTextMessage":null,"imageResponseCard":{"title":"Menu de interação!","subtitle":"Selecione uma das opções abaixo para prosseguirmos!","imageUrl":null,"buttonsList":[{"value":"Gostaria de comprar uma passagem!","text":"Compra de passagems "},{"value":"Gostaria de mais informações sobre os destinos!","text":"Informações sobre destinos"},{"value":"Gostaria de simular valores de passagens!","text":"Simular valores"}]}},"variations":null}],"allowInterrupt":true}},"inputContexts":null,"outputContexts":null,"kendraConfiguration":null,"qnAIntentConfiguration":null,"bedrockAgentIntentConfiguration":null,"dialogCodeHook":null,"fulfillmentCodeHook":null,"slotPriorities":[]}