{"name":"Destino","identifier":"WMS6R8TFH1","description":null,"slotTypeName":"Destinos","obfuscationSetting":null,"valueElicitationSetting":{"slotCaptureSetting":{"codeHook":null,"captureResponse":null,"captureNextStep":{"intent":{"name":null,"slots":null},"sessionAttributes":null,"dialogAction":{"type":"EvaluateConditional","slotToElicit":null,"suppressNextMessage":null}},"captureConditional":{"isActive":true,"conditionalBranches":[{"name":"Branch1","condition":{"expressionString":"{Destino}=\"Hogwarts\""},"response":{"messageGroupsList":[{"message":{"ssmlMessage":null,"customPayload":null,"plainTextMessage":{"value":"Descubra a Magia de Hogwarts! Venha estudar na icônica Escola de Magia e Bruxaria de Hogwarts, onde você poderá participar de aulas fascinantes, explorar um castelo repleto de mistérios, e viver aventuras incríveis. Experimente a vida nas casas de Grifinória, Lufa-Lufa, Corvinal ou Sonserina, e participe de eventos mágicos como o Torneio Tribruxo e as partidas de Quadribol. Hogwarts é o lugar onde a magia ganha vida! https://harrypotter.fandom.com/pt-br/wiki/Escola_de_Magia_e_Bruxaria_de_Hogwarts"},"imageResponseCard":null},"variations":null}],"allowInterrupt":true},"nextStep":{"intent":{"name":null,"slots":null},"sessionAttributes":null,"dialogAction":{"type":"ConfirmIntent","slotToElicit":null,"suppressNextMessage":null}}},{"name":"Branch2","condition":{"expressionString":"{Destino}=\"Terra Média\""},"response":{"messageGroupsList":[{"message":{"ssmlMessage":null,"customPayload":null,"plainTextMessage":{"value":"Explore a Terra-média: Uma Jornada Épica! Aventur-se na Terra-média, um mundo de fantasia repleto de paisagens deslumbrantes e lendas vivas. Visite o tranquilo Condado, o majestoso Rivendell, e a imponente Minas Tirith. Para os mais corajosos, a sombria Mordor e a encantadora Lothlórien prometem experiências inesquecíveis. Prepare-se para uma jornada épica cheia de heróis, magia e maravilhas naturais! https://terramedia.fandom.com/wiki/P%C3%A1gina_principal"},"imageResponseCard":null},"variations":null}],"allowInterrupt":true},"nextStep":{"intent":{"name":null,"slots":null},"sessionAttributes":null,"dialogAction":{"type":"ConfirmIntent","slotToElicit":null,"suppressNextMessage":null}}},{"name":"Branch3","condition":{"expressionString":"{Destino}=\"Nárnia\""},"response":{"messageGroupsList":[{"message":{"ssmlMessage":null,"customPayload":null,"plainTextMessage":{"value":"Entre em Nárnia: Um Mundo de Encantos! Descubra Nárnia, um reino mágico onde animais falam e a magia está em cada canto. Acesse esse mundo encantado através de um guarda-roupa e explore lugares maravilhosos como Cair Paravel e a Floresta de Lanternas. Enfrente aventuras épicas ao lado de Aslan e os irmãos Pevensie, e deixe-se encantar por um mundo onde tudo é possível! https://narnia.fandom.com/pt/wiki/P%C3%A1gina_principal"},"imageResponseCard":null},"variations":null}],"allowInterrupt":true},"nextStep":{"intent":{"name":null,"slots":null},"sessionAttributes":null,"dialogAction":{"type":"ConfirmIntent","slotToElicit":null,"suppressNextMessage":null}}},{"name":"Branch4","condition":{"expressionString":"{Destino}=\"Skyrim\""},"response":{"messageGroupsList":[{"message":{"ssmlMessage":null,"customPayload":null,"plainTextMessage":{"value":"Aventuras Épicas em Skyrim! Explore Skyrim, a terra dos Nords, cheia de montanhas majestosas, ruínas antigas e dragões lendários. Visite cidades vibrantes como Whiterun e Solitude, e descubra mistérios nas ruínas Dwemer. Participe de missões épicas, enfrente dragões e mergulhe em uma cultura rica e diversificada. Em Skyrim, cada dia é uma nova aventura esperando para ser vivida! https://elderscrolls.fandom.com/wiki/Skyrim"},"imageResponseCard":null},"variations":null}],"allowInterrupt":true},"nextStep":{"intent":{"name":null,"slots":null},"sessionAttributes":null,"dialogAction":{"type":"ConfirmIntent","slotToElicit":null,"suppressNextMessage":null}}}],"defaultBranch":{"response":null,"nextStep":{"intent":{"name":null,"slots":null},"sessionAttributes":null,"dialogAction":{"type":"ConfirmIntent","slotToElicit":null,"suppressNextMessage":null}}}},"failureResponse":{"messageGroupsList":[{"message":{"ssmlMessage":null,"customPayload":null,"plainTextMessage":{"value":"Estou com dificuldade em endetender você! Tente novamente."},"imageResponseCard":null},"variations":null}],"allowInterrupt":true},"failureNextStep":{"intent":{"name":"FallbackIntent","slots":null},"sessionAttributes":null,"dialogAction":{"type":"StartIntent","slotToElicit":null,"suppressNextMessage":null}},"failureConditional":null,"elicitationCodeHook":{"enableCodeHookInvocation":true,"invocationLabel":null}},"slotConstraint":"Required","promptSpecification":{"messageGroupsList":[{"message":{"ssmlMessage":null,"customPayload":null,"plainTextMessage":{"value":"Sobre qual destino você deseja mais informações?"},"imageResponseCard":null},"variations":null},{"message":{"ssmlMessage":null,"customPayload":null,"plainTextMessage":null,"imageResponseCard":{"title":"Informações sobre os destinos disponíveis!!","subtitle":"Selecione abaixo qual destino você deseja obter mais informações!  👇👇","imageUrl":null,"buttonsList":[{"value":"Desejo informações sobre Hogwarts","text":"Hogwarts"},{"value":"Desejo informações sobre a Terra Média","text":"Terra Média"},{"value":"Desejo informações sobre Nárnia","text":"Nárnia"},{"value":"Desejo mais informações sobre Skyrim","text":"Skyrim"}]}},"variations":null}],"maxRetries":4,"messageSelectionStrategy":"Random","allowInterrupt":true,"promptAttemptsSpecification":{"Retry1":{"textInputSpecification":{"startTimeoutMs":30000},"allowedInputTypes":{"allowAudioInput":true,"allowDTMFInput":true},"audioAndDTMFInputSpecification":{"startTimeoutMs":4000,"audioSpecification":{"endTimeoutMs":640,"maxLengthMs":15000},"dtmfSpecification":{"maxLength":513,"endTimeoutMs":5000,"deletionCharacter":"*","endCharacter":"#"}},"allowInterrupt":true},"Retry4":{"textInputSpecification":{"startTimeoutMs":30000},"allowedInputTypes":{"allowAudioInput":true,"allowDTMFInput":true},"audioAndDTMFInputSpecification":{"startTimeoutMs":4000,"audioSpecification":{"endTimeoutMs":640,"maxLengthMs":15000},"dtmfSpecification":{"maxLength":513,"endTimeoutMs":5000,"deletionCharacter":"*","endCharacter":"#"}},"allowInterrupt":true},"Retry3":{"textInputSpecification":{"startTimeoutMs":30000},"allowedInputTypes":{"allowAudioInput":true,"allowDTMFInput":true},"audioAndDTMFInputSpecification":{"startTimeoutMs":4000,"audioSpecification":{"endTimeoutMs":640,"maxLengthMs":15000},"dtmfSpecification":{"maxLength":513,"endTimeoutMs":5000,"deletionCharacter":"*","endCharacter":"#"}},"allowInterrupt":true},"Retry2":{"textInputSpecification":{"startTimeoutMs":30000},"allowedInputTypes":{"allowAudioInput":true,"allowDTMFInput":true},"audioAndDTMFInputSpecification":{"startTimeoutMs":4000,"audioSpecification":{"endTimeoutMs":640,"maxLengthMs":15000},"dtmfSpecification":{"maxLength":513,"endTimeoutMs":5000,"deletionCharacter":"*","endCharacter":"#"}},"allowInterrupt":true},"Initial":{"textInputSpecification":{"startTimeoutMs":30000},"allowedInputTypes":{"allowAudioInput":true,"allowDTMFInput":true},"audioAndDTMFInputSpecification":{"startTimeoutMs":4000,"audioSpecification":{"endTimeoutMs":640,"maxLengthMs":15000},"dtmfSpecification":{"maxLength":513,"endTimeoutMs":5000,"deletionCharacter":"*","endCharacter":"#"}},"allowInterrupt":true}}},"defaultValueSpecification":null,"sampleUtterances":null,"waitAndContinueSpecification":null},"multipleValuesSetting":null}